item01;item02;item03;item04;item05;item06;item07;item08;item09;item10
1;0;0;0;0;0;0;0;1;0
1;1;1;1;1;1;0;0;1;1
1;1;1;1;1;1;1;1;1;1
0;0;1;0;0;0;0;0;0;0
1;1;1;1;1;1;1;1;1;1
1;1;0;1;1;1;1;1;1;0
1;1;1;1;1;1;1;1;1;0
1;1;0;0;1;1;1;1;0;0
1;1;1;1;1;0;1;1;1;0
1;1;0;0;1;1;1;0;0;1
1;1;1;0;1;1;1;1;1;0
0;1;1;1;1;1;1;1;0;1
1;1;1;1;1;1;1;1;1;1
1;1;0;1;1;0;0;1;0;0
1;1;0;1;0;1;1;1;1;1
1;0;1;0;1;0;1;1;1;1
1;1;0;0;1;1;0;0;1;1
1;1;1;1;1;1;1;1;0;1
1;1;1;1;0;0;1;1;0;1
0;0;1;1;0;1;0;0;1;1
0;1;0;1;1;1;1;0;1;0
1;0;1;1;1;1;1;0;0;0
1;0;0;1;0;1;1;1;0;1
1;1;1;1;1;1;1;1;1;1
1;1;1;1;1;1;1;1;1;1
1;1;1;1;1;1;1;1;1;1
1;1;1;1;1;1;0;1;1;1
0;1;0;1;1;0;1;1;1;0
0;1;0;0;0;1;1;1;0;0
1;1;1;1;0;1;0;1;1;1
1;1;1;1;1;1;1;1;1;1
1;1;1;1;1;1;1;1;1;1
1;1;1;1;1;1;1;1;1;1
1;1;1;0;1;0;1;1;0;1
0;1;1;1;0;1;1;1;1;1
1;1;1;1;0;1;1;1;1;1
0;1;1;1;1;1;1;0;0;1
1;1;1;1;1;1;1;1;1;1
0;1;0;0;1;0;1;1;1;1
1;1;0;0;1;0;1;1;0;0
1;1;1;1;1;1;1;1;1;1
1;1;1;1;1;1;1;1;1;1
1;0;0;1;0;0;0;0;0;1
1;1;1;1;1;1;1;1;1;1
1;1;1;0;1;1;1;1;1;0
1;1;1;1;1;1;0;1;1;1
1;1;1;0;1;0;1;0;1;1
1;1;1;1;0;1;1;1;1;1
1;1;1;0;1;1;1;1;1;1
1;1;1;1;1;1;1;1;1;1
1;1;1;1;0;1;1;1;1;1
1;1;1;1;0;1;1;1;1;0
1;1;1;1;1;1;1;1;1;1
1;1;1;0;1;1;1;0;1;1
1;1;0;0;1;1;1;1;1;0
1;0;1;1;1;0;1;1;1;0
1;1;1;1;0;1;1;1;1;1
0;1;1;0;0;1;0;0;1;0
1;1;1;0;1;0;1;1;0;0
1;1;0;1;1;1;1;1;1;1
1;1;1;1;1;1;1;1;1;1
1;1;1;1;1;1;1;1;1;0
1;1;1;1;1;1;1;1;1;1
1;0;1;1;1;1;1;1;1;1
1;0;1;1;1;1;0;0;0;0
0;1;0;1;0;1;0;1;1;1
1;1;0;0;0;1;1;1;0;0
1;1;0;1;1;1;1;1;1;0
1;1;1;1;1;1;1;1;1;0
1;1;0;1;0;0;0;1;1;1
1;1;1;1;1;1;0;1;0;0
1;1;1;1;1;1;0;1;1;1
1;1;0;0;1;1;0;0;1;0
1;1;1;1;1;1;1;1;0;0
0;1;1;1;1;0;1;1;1;1
0;1;1;1;1;1;0;1;1;0
1;1;1;0;1;1;1;0;0;1
1;1;1;1;1;1;1;1;0;1
1;1;1;1;1;1;1;1;1;1
0;0;0;0;0;0;1;1;1;0
0;0;1;1;1;1;1;0;1;0
1;1;1;1;1;1;1;1;1;1
1;1;0;1;1;1;1;1;1;1
0;1;1;1;1;1;1;1;1;1
1;1;1;1;1;1;1;1;1;0
1;1;1;1;1;1;1;1;1;1
1;1;1;1;1;1;1;1;1;1
0;0;0;1;1;1;1;0;1;1
1;0;1;1;1;0;1;1;1;1
1;1;1;1;1;1;1;1;1;1
1;1;1;1;1;1;1;1;1;1
1;1;1;1;1;1;1;1;1;1
1;1;1;1;1;1;1;1;0;1
0;1;1;1;1;1;1;1;1;1
1;1;1;1;0;1;0;1;0;1
0;1;1;0;1;1;0;0;1;1
1;1;1;1;0;1;1;1;0;1
1;1;0;0;1;1;0;0;0;1
1;1;1;1;0;0;1;1;0;1
1;1;1;1;1;1;0;1;1;1
0;1;1;1;1;0;0;0;0;0
0;0;1;0;0;0;0;0;1;0
1;1;1;1;1;1;1;1;1;0
1;1;1;1;1;1;1;1;1;1
1;1;0;1;1;1;0;1;1;1
1;1;1;0;0;1;0;1;0;1
1;1;1;1;1;1;1;1;1;1
1;1;1;0;1;1;0;1;1;1
1;1;1;1;1;1;1;1;1;1
1;0;1;1;0;0;0;0;1;0
1;1;1;1;1;0;1;1;1;1
1;1;1;1;1;1;1;1;1;1
1;1;1;1;1;1;1;0;1;1
1;1;1;1;1;0;0;1;0;0
1;1;1;1;0;0;1;0;0;0
0;1;1;0;1;1;1;0;0;1
1;0;1;1;0;1;0;0;0;1
1;0;1;1;1;1;1;1;1;1
0;1;1;0;1;1;0;0;1;1
1;0;1;1;0;0;1;1;0;0
1;1;1;1;1;1;1;1;1;1
1;1;1;0;1;1;1;0;1;1
1;1;1;0;1;1;1;1;1;1
1;1;1;1;0;1;1;1;1;0
1;1;1;1;0;1;1;1;1;0
1;0;0;0;0;0;1;0;1;0
1;0;1;0;0;1;0;1;0;0
1;1;1;1;1;1;1;1;1;1
1;1;1;1;0;1;1;1;0;1
1;1;1;0;1;1;1;0;1;1
1;0;1;1;1;1;0;1;1;1
1;1;1;1;1;0;0;1;0;0
1;1;1;1;1;1;1;1;1;1
1;0;1;1;1;1;1;1;1;1
0;0;0;1;1;0;1;0;0;1
1;1;1;1;1;1;1;1;1;1
1;0;0;1;1;0;1;0;1;0
1;1;1;0;1;1;1;1;1;1
1;1;1;1;1;1;1;1;0;1
1;1;1;0;1;1;1;1;1;1
1;1;0;1;1;0;1;0;1;1
1;1;1;0;1;0;1;1;0;1
1;1;1;1;1;1;1;1;1;1
1;1;1;0;0;1;1;1;1;0
1;1;1;1;1;1;1;0;1;1
1;1;1;1;1;1;1;1;1;1
1;1;1;1;1;1;1;1;1;1
1;1;1;0;1;1;0;1;1;1
1;1;1;1;0;1;0;0;0;1
1;1;1;1;1;1;1;1;1;0
1;0;0;0;0;1;0;0;0;0
1;1;0;1;1;1;1;1;1;1
1;1;1;1;1;1;1;1;0;1
1;1;1;1;1;1;0;1;1;0
0;1;1;1;1;1;0;1;1;1
1;1;1;1;1;0;1;1;1;1
1;0;1;1;0;0;1;1;0;0
1;1;0;0;0;1;1;0;1;0
0;1;0;1;1;1;0;1;1;1
1;1;1;1;1;1;1;1;1;1
0;0;1;1;1;1;0;1;1;0
1;1;1;1;1;0;0;0;1;1
1;1;0;0;0;0;1;0;1;1
1;1;1;1;1;1;1;1;1;1
1;1;1;1;1;1;1;1;0;1
1;1;1;1;1;1;1;0;1;1
1;1;1;1;1;1;1;1;1;1
0;1;1;1;1;0;1;1;1;1
1;0;1;1;1;1;0;0;1;1
0;1;1;1;1;1;1;1;0;1
1;1;1;1;1;1;1;1;0;1
1;1;1;1;1;0;1;1;1;1
1;1;1;1;1;0;1;0;1;0
1;1;1;1;1;1;1;1;1;1
1;1;1;0;0;1;1;1;1;0
1;1;1;1;1;0;1;1;1;1
1;1;1;1;1;1;1;0;0;1
1;1;1;0;0;1;1;1;1;1
0;1;1;1;1;0;1;1;1;1
1;1;1;1;0;1;1;1;0;1
1;1;1;1;1;0;1;0;0;0
1;1;1;1;1;1;1;1;1;0
1;1;1;1;1;0;1;0;0;0
1;0;1;1;1;1;0;1;0;1
1;1;1;1;1;1;0;1;1;1
1;1;1;1;1;1;0;1;1;1
1;1;1;1;0;1;0;1;0;1
1;1;1;1;1;1;1;0;1;1
1;1;1;1;1;0;0;1;1;1
1;1;1;1;1;1;1;1;1;1
1;1;1;0;1;0;1;1;0;0
1;1;1;1;1;0;1;1;0;1
1;1;1;1;1;1;1;1;0;1
0;0;1;1;0;0;1;1;0;1
1;1;1;1;1;1;1;1;1;1
1;1;0;0;1;1;1;1;0;1
1;1;1;1;1;1;1;1;1;1
1;1;0;1;1;1;1;1;1;1
1;1;1;0;1;1;1;1;1;1
1;1;1;1;1;1;1;1;1;1
0;1;1;0;0;0;1;1;0;0
0;1;1;1;1;0;1;1;1;0
0;0;0;1;1;0;1;1;1;0
1;1;1;1;0;0;1;0;0;1
1;1;1;1;1;1;1;1;1;1
1;1;1;0;1;1;0;1;1;1
1;1;1;1;1;1;1;1;1;1
1;0;0;1;1;0;1;0;0;0
1;1;0;1;1;1;1;1;1;1
0;0;0;0;1;0;1;1;1;1
1;1;1;1;1;1;1;0;1;1
1;1;1;1;1;1;1;1;1;1
1;0;0;0;0;1;0;1;0;1
1;1;1;1;1;1;1;1;1;1
0;1;1;0;0;0;0;0;0;0
0;1;1;1;1;1;1;1;1;0
1;1;1;1;0;1;1;1;1;0
1;1;1;1;1;1;1;1;1;1
0;1;1;1;1;1;1;1;1;1
1;1;1;1;1;1;1;1;1;1
1;1;0;1;1;1;1;1;1;1
1;0;1;0;1;1;1;1;1;1
1;1;1;1;0;1;1;1;0;0
1;0;1;1;1;1;1;1;1;0
1;1;1;1;1;1;1;0;1;1
0;1;1;0;0;0;1;0;0;0
1;1;0;1;1;1;1;1;1;1
1;1;1;1;1;1;1;1;1;1
1;1;1;1;1;1;0;1;1;1
1;1;1;1;1;1;1;1;1;0
0;1;1;1;0;1;0;1;0;1
1;1;0;1;1;1;1;1;1;1
1;1;1;1;1;1;1;1;1;1
1;1;1;1;1;1;1;1;1;1
1;1;1;1;1;1;1;1;1;1
0;1;1;1;1;1;1;1;1;1
1;1;1;0;0;1;0;1;1;0
1;1;0;0;1;1;1;1;0;1
0;0;1;1;0;1;0;0;0;0
0;1;1;0;0;1;0;0;1;0
0;1;1;1;1;0;1;1;0;0
1;1;1;1;1;1;1;1;1;1
1;1;1;0;0;1;1;1;1;1
1;1;1;1;0;1;1;1;1;1
1;0;1;1;1;0;1;1;1;1
1;1;1;0;1;1;0;1;1;1
1;1;1;1;0;0;1;1;0;1
1;1;1;1;1;1;1;1;0;1
1;1;0;1;0;1;0;1;1;1
0;1;1;1;1;1;0;0;1;1
1;1;1;0;1;1;0;0;1;0
1;1;0;1;1;1;0;1;1;1
1;1;1;1;1;1;1;0;1;1
1;1;1;1;1;1;1;1;1;1
1;1;1;1;1;1;0;1;0;1
0;1;0;1;1;1;1;1;1;0
1;1;1;1;1;1;1;0;0;0
1;1;1;1;1;1;1;0;1;1
1;1;1;0;1;0;0;1;1;1
1;1;0;1;0;1;1;1;1;0
1;1;1;0;1;0;0;1;1;1
1;1;1;1;1;1;0;1;1;1
1;0;0;0;1;0;0;1;1;0
1;1;0;0;1;1;0;0;0;1
1;0;0;1;1;1;1;1;1;1
1;1;1;1;1;1;1;1;1;1
1;1;1;1;1;1;0;1;1;1
1;1;1;1;1;1;1;1;0;1
1;0;1;0;1;0;0;1;1;1
0;0;1;1;0;1;0;0;0;1
1;0;1;0;1;0;0;0;1;1
1;1;1;1;0;0;0;1;1;0
1;0;0;1;1;0;1;0;0;1
0;1;1;1;1;1;1;0;1;1
1;1;1;1;1;1;0;0;0;1
0;1;0;0;0;0;1;0;0;0
1;0;1;1;1;1;1;1;1;0
1;1;1;1;1;1;1;1;1;1
1;1;1;1;1;0;1;1;1;1
0;1;1;1;1;0;0;1;1;1
1;1;1;1;0;1;1;1;1;1
1;1;1;1;0;1;1;1;1;0
1;1;0;1;1;0;1;1;1;1
1;0;1;1;1;0;0;1;0;1
1;1;1;1;1;1;1;1;1;1
1;1;1;1;1;1;1;0;0;1
1;0;1;1;1;0;1;1;1;1
1;1;1;1;1;1;1;1;1;1
1;1;1;1;1;1;1;1;1;1
1;1;1;1;1;0;0;1;1;0
1;1;1;0;0;1;1;1;0;0
0;1;0;1;0;1;0;1;0;0
1;1;1;1;1;1;0;1;1;1
0;1;0;1;1;0;0;1;0;1
1;1;1;1;1;0;1;1;1;1
0;0;1;0;1;0;0;0;0;0
1;1;0;0;0;0;1;1;1;1
1;1;1;1;1;1;0;1;1;1
1;1;0;0;0;0;0;0;1;1
1;0;1;1;0;0;1;0;0;1
1;0;0;0;1;0;1;1;1;0
1;1;1;1;1;0;0;1;1;1
1;1;1;1;1;1;1;1;1;0
1;1;0;1;1;0;1;1;0;1
1;1;1;1;1;1;1;1;1;1
0;0;0;0;1;0;0;0;0;0
1;0;1;1;1;1;0;1;1;1
0;0;0;0;0;0;0;0;1;0
1;1;1;1;1;1;1;1;1;1
0;1;1;1;1;1;1;1;0;1
0;0;1;0;1;1;0;0;0;0
1;1;1;1;1;0;1;1;1;1
0;1;1;1;1;1;1;0;1;1
0;1;1;1;1;1;1;1;1;1
0;1;1;1;1;1;0;1;1;0
1;1;0;0;0;0;1;1;1;0
0;1;1;0;1;1;1;1;0;1
1;1;1;1;1;1;1;1;1;1
1;1;1;1;1;1;1;1;0;1
1;0;0;0;0;0;1;1;0;0
1;1;0;0;0;1;0;0;0;1
0;1;1;1;0;1;1;0;1;0
1;1;1;1;1;1;1;0;1;1
1;0;0;1;0;0;0;0;0;1
1;0;1;1;1;0;1;1;1;1
1;0;1;1;1;1;1;1;1;1
1;0;0;1;1;1;1;1;1;1
0;1;1;1;1;0;1;1;1;1
1;1;0;1;1;1;0;0;0;0
1;1;1;1;1;1;1;0;1;1
1;0;1;1;0;1;1;1;0;1
1;1;1;0;1;0;1;1;1;0
1;0;1;1;1;1;0;1;1;1
0;0;0;0;0;0;0;1;0;1
0;1;0;1;1;0;1;1;0;1
1;1;0;1;0;0;1;1;0;0
0;1;1;1;1;1;1;1;1;1
1;0;0;0;1;1;1;1;1;1
0;1;0;1;1;0;1;0;1;0
0;1;1;1;1;1;1;1;0;1
1;1;1;0;1;1;1;1;1;1
1;1;1;1;1;1;1;1;1;1
1;1;0;1;1;1;0;1;1;1
0;1;1;1;0;1;1;1;1;1
1;1;0;1;1;1;1;1;1;1
1;1;1;1;1;1;1;1;1;1
1;1;1;1;0;0;1;1;0;1
0;1;1;1;1;1;1;1;1;0
1;1;1;1;1;1;1;1;1;1
1;1;1;1;1;1;1;0;1;1
0;0;0;1;0;0;1;0;1;1
0;1;1;1;1;1;1;1;1;1
1;1;1;0;0;1;1;1;1;1
1;0;1;1;1;0;1;0;1;0
1;1;0;1;0;1;0;0;1;1
1;1;1;1;1;1;1;1;1;1
1;1;1;1;1;1;1;1;0;1
1;1;1;1;1;1;1;1;1;1
1;1;1;1;1;1;1;1;1;1
1;0;1;1;1;1;1;1;1;0
1;1;1;1;1;1;1;1;0;0
1;1;1;1;1;1;1;1;0;0
1;1;1;1;1;1;1;0;1;1
1;0;1;1;0;0;0;1;0;0
0;1;0;0;1;0;0;0;0;0
1;1;1;0;1;0;0;1;1;1
1;1;1;1;1;1;0;0;0;0
0;1;1;1;1;1;0;1;0;1
1;1;1;1;1;1;1;1;1;0
1;1;1;1;1;1;1;1;1;1
0;1;1;1;1;1;0;0;0;1
1;1;1;1;1;1;1;1;1;1
0;1;0;1;1;0;0;1;1;1
1;1;1;0;1;1;1;1;1;1
1;1;1;1;1;1;1;1;1;1
0;1;1;1;1;0;1;1;0;1
0;0;1;1;1;1;1;1;1;0
1;0;1;1;1;1;0;1;0;1
1;0;1;1;1;0;1;0;1;1
1;1;1;1;1;1;1;1;1;1
1;1;0;1;0;0;1;0;1;1
1;1;1;0;1;1;1;1;1;1
1;1;1;1;1;1;1;0;0;1
1;1;1;1;1;1;1;1;1;1
1;0;0;0;0;0;0;1;1;1
1;1;0;1;1;1;1;1;1;0
1;0;1;1;1;1;1;1;1;1
1;0;1;0;1;1;1;0;1;0
1;1;1;0;0;0;0;1;1;1
1;1;0;1;1;1;1;1;1;1
1;1;1;0;1;1;0;1;1;1
1;1;1;0;1;0;1;0;0;1
1;1;1;1;1;1;1;1;0;0
1;0;1;0;1;1;0;0;0;0
1;1;1;1;1;1;1;1;1;1
1;1;1;1;1;1;1;1;1;0
1;1;0;1;0;1;1;1;1;1
1;1;1;1;1;1;1;1;1;1
1;1;1;1;1;0;0;1;1;1
1;1;0;1;1;0;0;0;1;1
0;1;1;0;1;1;1;1;1;1
0;1;1;1;1;1;1;1;1;0
1;1;0;1;0;0;0;0;1;0
1;1;0;0;1;0;1;0;0;0
0;0;0;1;0;1;1;0;0;1
1;1;1;1;1;1;1;1;1;0
0;1;1;0;0;1;0;0;0;1
1;1;1;1;1;1;1;1;1;1
1;1;1;0;0;1;1;1;1;0
1;1;1;1;1;1;1;1;1;1
1;0;1;0;1;1;0;1;1;1
1;1;1;1;0;1;1;1;1;1
1;1;1;1;1;1;1;1;1;1
1;1;1;1;1;1;1;1;1;1
1;1;1;0;0;0;1;1;1;0
1;1;1;1;1;1;1;1;0;1
1;1;1;0;1;1;1;1;1;1
1;1;1;1;0;1;1;1;1;1
0;0;0;0;0;0;0;0;0;0
0;1;1;1;0;0;1;0;0;0
1;1;1;1;1;1;1;1;1;1
1;1;1;1;1;1;1;1;1;1
1;0;1;1;1;1;1;1;1;0
1;1;1;0;1;1;1;1;1;1
1;1;1;1;1;1;1;1;1;1
1;1;1;1;1;1;0;0;1;1
1;0;1;0;1;0;0;1;1;1
1;1;1;1;0;0;1;1;0;0
1;1;1;0;1;0;0;1;0;0
1;1;1;0;1;1;1;0;0;1
1;1;0;0;1;1;1;0;1;0
1;1;0;0;0;1;1;1;1;1
1;0;1;1;1;1;1;1;1;1
1;1;0;0;1;0;1;1;1;0
0;0;1;1;1;0;0;0;0;0
1;1;1;1;1;1;0;1;1;1
1;0;1;1;1;0;1;0;1;1
0;1;1;1;1;0;1;1;1;1
1;1;1;1;1;1;1;1;1;1
0;1;1;1;1;0;1;1;1;1
0;0;1;0;1;1;1;1;1;1
1;1;1;1;1;0;1;1;1;0
1;1;1;1;0;1;0;1;1;1
1;1;1;1;1;1;0;1;1;1
0;1;0;1;1;1;0;0;1;1
1;1;0;1;1;1;1;1;1;1
1;1;1;1;1;1;1;1;1;0
0;1;1;0;1;1;1;0;1;0
1;1;1;1;1;1;1;1;1;1
1;1;1;1;1;1;1;1;1;1
1;1;1;1;1;1;1;1;1;1
0;1;1;1;1;1;1;1;0;0
1;1;1;1;1;1;0;1;1;0
0;0;0;0;0;1;0;0;0;0
1;1;1;1;1;1;0;1;1;1
1;1;0;0;1;1;1;0;1;1
1;1;1;1;1;1;1;1;1;1
0;1;1;1;0;1;0;1;1;1
0;1;1;0;1;1;1;1;0;1
1;1;1;1;1;1;1;0;1;0
1;1;1;1;0;1;1;1;1;1
0;0;1;0;0;1;1;1;1;1
0;1;1;1;1;1;1;1;1;1
1;1;1;1;1;1;1;1;1;1
1;1;1;1;1;1;1;1;0;0
1;0;1;1;0;1;0;1;1;1
1;1;1;1;1;1;1;1;1;1
1;1;1;1;1;1;1;1;1;1
1;1;1;1;1;1;1;0;1;0
0;1;0;1;1;1;1;1;1;1
1;1;1;1;1;0;1;1;1;0
1;1;1;1;1;1;1;1;1;1
1;1;0;1;1;1;0;0;1;0
1;1;0;1;0;1;1;1;1;1
1;1;1;1;1;1;1;1;1;1
1;1;1;0;1;1;1;1;1;1
0;1;1;1;1;0;1;1;0;1
0;0;1;1;1;1;0;1;1;0
1;0;1;1;1;1;1;1;1;0
1;1;1;1;1;1;0;1;1;0
1;1;1;1;1;1;1;0;1;1
1;1;1;1;1;1;1;1;0;1
1;1;1;0;1;1;1;0;1;1
1;1;0;1;1;1;1;1;1;1
0;1;0;1;1;0;0;1;1;1
1;1;1;1;1;1;1;1;0;0
1;1;0;1;1;1;1;0;0;0
1;1;1;1;1;1;1;0;1;1
0;1;1;1;1;0;1;1;1;0
1;1;1;1;1;1;0;0;1;1
1;1;1;1;1;1;1;1;1;1
0;1;1;1;1;0;1;1;1;1
1;1;1;1;1;1;1;1;1;1
0;0;1;1;0;1;0;0;1;1
1;1;1;1;1;1;1;1;1;1
1;0;1;1;0;1;1;1;1;1
0;1;1;1;1;1;0;0;1;1
1;0;0;0;1;0;1;0;0;1
1;1;1;0;0;0;1;1;1;0
1;1;1;1;1;1;1;1;1;1
1;1;1;1;0;1;1;1;1;0
1;1;1;1;1;1;1;1;0;1
0;0;0;1;0;0;0;0;0;0
1;1;1;0;1;1;1;1;0;1
1;1;1;0;1;0;1;1;1;1
1;1;1;1;1;1;1;1;1;1
1;1;1;1;1;1;1;1;1;1
1;1;1;1;1;0;1;1;0;0
0;1;0;1;1;1;1;1;1;0
0;0;0;0;0;0;1;0;0;0
1;1;1;1;1;1;1;1;1;1
1;1;0;1;1;1;1;1;0;1
1;1;1;1;0;1;1;1;0;1
0;1;1;1;1;1;1;1;0;1
1;1;1;0;1;1;1;1;0;1
1;1;1;1;1;1;1;1;1;0
1;1;1;1;1;1;1;0;1;1
1;0;1;1;0;1;1;1;0;1
1;1;0;1;1;1;1;1;1;1
1;1;1;0;1;1;1;1;1;1
0;0;1;0;1;0;1;1;0;1
1;1;1;1;1;1;1;1;1;1
1;1;1;1;1;0;0;1;1;1
1;1;1;1;1;1;1;1;1;1
0;1;1;1;0;0;1;0;0;1
1;1;0;0;0;1;1;1;1;1
1;1;1;1;1;1;1;1;1;1
1;1;1;1;1;1;0;1;0;1
1;0;1;1;1;1;1;0;0;0
0;1;0;1;1;1;0;1;0;1
1;0;0;0;0;0;1;1;1;0
1;1;0;0;1;0;1;1;1;1
0;1;1;1;1;0;1;0;1;1
1;1;1;1;1;1;1;1;1;0
1;1;1;1;1;1;1;0;1;1
0;1;1;1;0;1;0;0;1;1
1;1;1;1;1;0;1;1;1;1
1;1;1;1;1;0;1;1;1;1
1;1;1;1;1;1;0;0;1;1
0;0;0;0;0;0;0;0;0;0
1;1;1;1;1;1;0;1;1;1
1;0;1;1;1;0;0;0;1;0
1;1;1;1;1;1;1;0;1;1
1;1;1;0;1;0;0;1;1;1
1;1;1;1;0;1;0;1;1;0
1;1;1;1;1;1;1;1;1;0
1;1;0;1;1;1;1;1;0;1
1;1;1;1;1;1;0;1;1;1
0;1;1;0;1;1;1;1;1;1
0;0;0;1;1;0;1;1;1;1
1;1;1;1;0;1;0;1;1;1
1;1;1;0;1;1;1;0;0;0
1;1;1;1;1;1;1;1;1;1
1;1;0;1;1;1;1;1;0;1
1;1;1;0;1;1;1;1;1;0
1;1;0;0;1;1;0;0;0;0
0;1;0;0;1;0;0;1;0;0
1;1;1;0;1;1;0;0;1;1
1;1;1;1;1;1;1;1;1;1
0;1;1;1;1;0;1;1;0;1
0;0;1;0;0;0;0;1;1;0
1;0;1;1;1;1;0;1;0;0
1;1;1;1;1;1;1;1;1;1
0;1;1;1;1;1;1;1;1;1
1;0;1;1;0;1;0;0;1;1
1;1;1;1;1;1;1;1;1;1
1;1;1;1;1;1;0;0;1;1
1;0;0;1;1;0;0;1;1;0
1;1;1;1;1;1;1;1;0;1
0;1;1;1;0;1;1;0;1;1
1;1;0;1;0;1;1;1;0;1
0;1;0;0;1;0;0;0;0;1
1;1;1;0;1;1;1;0;1;1
1;0;1;0;1;1;0;0;0;1
1;0;1;1;0;1;0;1;1;0
1;1;1;0;1;1;1;1;1;1
1;0;1;1;1;1;1;1;1;1
0;1;1;1;1;0;1;1;0;1
1;1;1;0;1;0;1;0;0;1
1;1;1;1;0;0;1;1;1;1
1;1;0;1;1;0;0;1;1;1
1;1;1;1;1;1;1;1;1;1
1;1;1;1;1;1;1;1;1;1
1;1;1;1;1;1;1;1;1;1
1;0;1;0;0;1;0;1;0;1
1;0;1;0;0;0;0;1;1;0
0;1;0;1;0;0;1;1;0;0
1;0;1;0;0;0;1;0;0;1
0;1;1;1;1;1;0;1;0;0
1;1;0;1;1;1;0;1;1;0
1;0;0;1;1;1;1;0;1;1
1;1;1;0;1;1;1;1;1;1
1;1;1;0;1;1;1;1;1;1
1;1;1;0;1;1;1;1;0;1
1;1;1;1;1;1;1;1;1;1
1;1;1;0;0;1;1;1;1;1
0;1;1;1;1;1;0;1;0;1
1;1;1;1;1;1;1;1;1;1
1;1;1;1;1;1;1;1;1;1
0;1;0;1;1;0;1;1;1;1
1;1;1;1;0;0;1;1;1;1
1;1;1;1;1;1;0;1;1;0
1;1;1;1;1;1;0;1;1;1
1;1;1;1;1;1;1;1;1;0
1;1;1;1;1;1;1;1;1;1
1;1;1;0;1;0;1;1;1;1
1;1;1;1;1;1;1;1;1;1
1;1;1;1;1;0;1;1;1;1
1;0;0;1;1;1;1;1;1;1
1;1;1;1;1;1;1;1;1;1
1;1;1;1;1;1;1;1;1;0
1;1;0;1;0;1;0;0;1;0
1;0;1;1;1;1;1;1;1;1
1;1;1;1;1;0;1;1;1;1
1;1;1;1;1;1;0;0;0;1
1;0;1;1;0;1;1;1;1;0
0;1;1;1;1;1;1;1;1;1
0;1;1;1;0;1;1;1;1;1
1;0;0;0;1;1;0;0;0;1
1;0;0;1;0;1;0;0;0;0
1;0;0;1;1;1;0;0;0;1
1;1;1;0;0;1;0;0;1;1
1;1;1;1;1;1;0;0;1;1
1;1;1;1;1;1;1;1;1;1
1;1;1;1;1;1;0;0;1;1
1;1;1;1;0;0;1;1;1;1
1;0;0;0;0;0;1;0;1;0
1;0;1;1;1;1;0;1;0;1
1;1;1;1;1;1;1;1;0;1
0;1;1;1;1;1;0;1;1;0
0;0;1;1;0;0;1;0;1;1
1;1;1;1;1;1;1;1;0;1
1;1;1;1;0;1;1;0;1;1
1;1;1;0;0;1;0;1;0;1
0;1;0;1;1;1;0;0;0;0
1;0;1;1;1;1;1;0;0;1
0;1;0;0;1;1;1;0;1;0
1;1;1;0;1;1;1;1;1;1
0;1;1;1;1;1;1;1;1;1
0;0;1;1;1;1;0;1;1;1
0;1;1;1;1;1;1;1;1;1
0;1;1;1;1;1;1;0;1;0
0;1;0;1;1;1;1;1;1;1
0;1;1;1;1;1;1;0;1;1
1;0;1;1;1;1;0;0;0;0
0;1;1;1;1;1;1;1;1;1
1;1;0;0;1;0;0;0;1;1
1;0;0;0;1;1;0;0;1;0
1;1;1;1;1;1;1;1;1;1
1;0;1;1;1;0;1;1;1;1
1;1;1;1;1;1;1;1;1;1
1;1;1;0;0;1;0;0;1;0
1;1;1;1;1;1;0;1;1;1
0;0;0;0;0;0;1;0;0;0
1;1;1;0;1;1;1;1;1;1
0;0;1;1;1;1;1;1;0;0
0;1;0;0;0;1;1;0;0;0
0;1;1;1;0;1;1;1;1;1
1;1;1;1;0;1;0;1;1;1
1;1;1;1;1;1;1;1;1;0
1;1;1;1;0;1;1;0;0;1
1;1;1;1;1;1;1;0;1;1
0;0;0;1;0;1;0;0;1;0
1;1;1;0;1;1;1;0;1;1
1;1;1;1;1;1;1;1;1;1
1;1;1;0;0;1;1;1;0;1
1;1;1;1;1;1;1;1;1;1
1;1;1;1;1;0;1;1;1;1
1;1;0;1;1;0;1;1;0;1
0;1;1;1;1;1;1;1;1;1
1;0;1;1;1;1;0;1;0;1
1;1;1;0;1;0;1;1;1;1
1;1;0;1;1;1;1;1;1;1
1;1;1;1;1;1;1;0;0;1
1;1;1;1;1;1;0;1;0;1
0;1;1;1;1;1;1;1;1;1
1;1;1;1;1;1;1;1;1;1
1;1;1;1;1;1;1;1;1;1
1;1;1;1;1;1;1;1;0;1
1;1;1;1;1;1;1;1;1;1
0;1;0;1;0;0;1;0;1;0
1;1;0;1;1;1;0;1;1;0
1;0;1;1;0;0;0;1;1;0
1;1;0;0;1;1;0;1;1;1
1;1;1;1;1;1;1;1;1;1
1;1;1;1;1;1;1;0;1;0
1;1;0;1;1;0;1;1;1;0
0;0;0;0;0;0;1;0;0;1
1;1;1;0;1;1;1;1;1;1
0;0;0;0;1;1;0;1;1;1
1;1;1;1;1;1;1;1;1;1
1;1;1;0;1;1;1;1;1;0
0;0;1;1;1;0;0;1;1;0
1;1;0;1;1;1;1;1;1;0
1;0;0;0;0;1;0;1;1;1
0;1;0;0;1;0;0;0;0;0
0;1;1;1;1;1;1;1;1;0
1;1;1;1;1;1;1;1;1;1
1;0;1;1;1;1;1;1;1;1
1;1;1;1;1;1;1;1;1;1
1;1;1;1;1;1;0;0;0;1
0;1;1;1;1;1;1;1;1;0
1;1;1;1;1;1;1;0;1;0
1;1;1;1;1;1;1;1;1;0
1;1;1;1;1;1;1;1;1;1
0;1;0;0;1;1;1;1;0;0
1;1;1;1;1;1;1;0;1;1
1;1;1;1;1;1;1;1;1;1
1;1;0;1;0;0;0;0;1;0
0;1;1;1;1;1;1;1;1;1
1;1;1;1;0;1;1;1;1;0
1;1;1;1;0;1;1;1;1;1
0;1;1;1;1;1;0;0;0;1
1;1;1;1;1;1;1;1;0;1
1;1;0;0;1;1;0;1;0;0
1;1;1;1;0;1;1;1;1;1
1;1;1;1;1;1;0;1;1;1
1;1;1;1;1;1;1;1;1;1
1;1;1;1;1;1;1;1;1;1
1;0;0;1;1;1;0;1;1;0
1;1;1;1;1;1;1;1;1;1
1;1;1;1;1;1;1;0;1;1
0;0;0;1;1;1;1;1;1;1
1;1;1;0;0;0;0;1;1;1
1;0;0;1;0;0;1;1;0;0
1;1;1;1;0;0;0;0;0;1
1;1;1;0;1;1;1;1;1;0
1;1;0;1;0;1;1;1;1;1
0;1;0;1;1;1;1;0;1;1
0;1;0;0;1;1;1;1;0;1
0;1;1;1;0;1;1;0;1;1
1;1;1;1;1;1;1;1;1;1
0;1;1;1;1;1;1;1;1;1
0;1;1;1;1;1;1;1;1;1
1;1;0;1;0;1;1;1;0;0
1;1;1;1;1;1;1;1;1;0
1;1;1;1;1;1;1;1;1;1
0;1;1;1;0;1;1;0;1;0
1;1;1;0;1;1;1;0;0;1
1;1;1;0;1;1;1;1;1;1
0;0;1;1;1;1;1;0;0;0
1;1;0;1;1;1;1;0;0;1
1;1;1;1;1;1;1;1;1;1
0;1;1;0;1;0;1;1;1;1
1;1;1;0;1;1;1;0;1;0
1;0;1;0;0;1;0;1;1;1
1;0;1;1;0;1;0;1;0;1
1;1;1;1;1;1;1;1;1;0
0;1;1;0;1;1;0;1;0;0
1;1;1;1;1;1;1;1;0;1
1;0;0;1;0;1;1;1;1;1
1;0;1;1;1;1;1;1;1;1
0;1;1;1;1;1;1;0;0;1
0;1;1;1;0;1;1;1;0;0
1;1;1;1;1;1;1;1;1;1
1;1;1;1;1;1;1;1;1;1
0;1;0;1;1;0;0;0;0;0
1;1;1;0;1;1;1;1;1;0
1;0;0;1;0;0;0;0;0;0
1;1;1;1;1;1;1;1;1;1
1;0;1;1;1;1;1;1;0;1
0;1;0;0;1;1;1;0;1;0
1;1;1;1;1;1;1;1;1;1
1;1;0;1;1;1;1;1;1;1
1;1;1;1;1;1;1;0;1;1
1;0;1;0;1;0;1;0;1;0
1;0;1;1;1;1;1;0;1;1
1;1;1;1;0;0;1;1;0;1
1;1;1;0;0;0;0;1;1;1
0;0;1;1;0;1;1;0;1;0
1;1;0;1;1;1;1;1;1;0
1;1;0;1;1;1;0;0;1;1
0;0;1;0;1;1;0;0;1;0
1;1;1;0;1;0;1;1;1;1
1;1;0;1;1;1;1;0;1;1
0;1;0;0;0;1;0;1;0;1
1;1;1;1;1;0;1;0;1;0
1;1;1;1;1;1;1;0;1;0
1;1;1;1;1;1;1;1;1;1
1;1;0;1;1;0;1;1;1;1
0;1;1;1;1;1;1;1;0;1
1;1;1;1;0;1;1;0;0;1
1;1;1;1;1;1;1;0;1;1
1;1;0;1;1;1;1;1;1;1
1;0;1;1;1;1;1;1;1;0
1;1;1;1;1;1;1;0;1;0
1;1;1;1;1;0;1;0;1;1
1;1;1;0;1;1;1;0;1;1
0;1;1;1;1;0;0;0;0;0
0;1;1;0;0;0;0;1;1;1
1;1;0;1;1;1;1;1;1;1
1;0;1;1;1;1;1;1;1;1
1;0;1;1;1;1;1;1;1;1
1;1;0;1;1;0;1;1;0;0
1;1;0;0;1;0;1;0;0;0
1;1;1;1;0;1;1;1;1;1
0;0;1;0;0;0;0;1;1;0
0;1;1;1;1;1;0;0;0;0
1;1;1;1;1;1;1;0;1;1
1;1;1;1;1;1;1;0;0;1
1;1;0;1;1;1;1;1;1;0
1;1;1;0;1;0;1;0;1;1
1;1;1;1;1;1;1;1;1;1
1;1;1;1;1;1;0;1;0;1
1;1;1;1;0;1;1;1;1;1
1;1;0;0;1;0;1;1;0;1
0;1;1;0;0;0;1;1;0;0
1;0;1;1;1;0;1;1;1;1
0;1;1;1;0;1;0;1;0;1
1;0;1;0;0;0;0;0;0;1
0;0;0;1;1;1;0;0;1;1
1;1;1;1;1;1;1;1;1;1
0;1;1;1;1;1;1;1;1;1
1;1;1;1;1;1;1;1;1;1
1;0;1;1;1;1;1;0;1;1
1;1;1;1;1;1;1;1;1;1
1;1;1;1;0;1;1;1;1;0
1;0;1;1;0;1;0;0;1;1
1;1;1;1;1;1;1;1;1;1
0;1;0;0;0;0;0;1;1;0
1;1;1;1;1;1;1;0;0;1
1;1;0;1;0;0;0;1;1;0
1;1;1;1;1;1;0;1;1;1
1;1;1;1;1;1;1;0;1;0
1;1;1;0;0;1;1;1;1;1
1;1;0;1;1;1;1;1;1;1
1;0;0;0;1;1;1;1;1;1
0;1;1;1;1;1;0;1;1;1
1;0;1;1;0;0;0;1;1;0
0;0;1;1;1;1;1;1;1;1
1;1;1;0;0;0;0;0;0;0
1;1;1;1;1;1;0;0;1;1
1;0;1;1;1;1;1;0;1;1
1;1;1;1;1;1;1;1;1;1
1;1;1;1;0;0;1;0;1;1
1;1;1;1;1;1;1;0;1;1
1;1;1;1;0;0;1;1;1;1
1;1;1;1;0;1;1;1;0;1
1;1;1;1;1;1;1;1;0;1
1;1;1;0;1;1;1;1;1;1
1;1;1;0;1;1;1;0;0;1
0;1;0;0;1;1;1;1;1;0
1;1;1;0;0;1;1;1;0;1
1;1;0;1;1;0;1;1;1;1
1;1;1;1;1;1;1;1;1;0
1;1;1;1;1;1;0;1;1;1
1;1;1;1;1;1;1;0;1;1
1;1;1;0;0;1;0;0;0;1
1;1;1;1;1;1;1;1;1;1
1;1;1;1;1;1;1;0;1;1
1;1;1;1;1;1;1;1;1;1
1;1;1;1;1;1;1;1;1;1
0;1;1;1;1;1;1;1;1;1
0;1;1;0;1;1;1;0;1;1
0;1;1;0;1;0;1;0;0;1
1;1;1;1;1;1;1;1;1;1
0;0;0;1;0;1;1;0;0;1
0;1;1;1;1;0;1;1;0;1
1;1;1;1;1;1;1;1;1;1
1;1;1;1;1;1;1;1;0;1
1;1;1;1;1;1;1;1;0;1
1;1;1;0;0;1;1;0;1;1
0;1;0;1;0;0;0;0;0;0
0;0;1;1;0;0;0;0;0;0
1;1;1;1;1;1;1;1;1;1
1;1;1;1;1;1;1;1;1;0
1;1;1;1;1;1;1;0;1;1
1;1;1;0;1;0;0;0;1;0
1;1;1;1;1;0;1;1;1;0
0;0;1;0;1;0;1;1;0;0
1;1;1;1;1;1;1;1;1;1
1;1;1;1;1;1;1;1;1;0
1;0;0;1;0;0;1;1;1;0
1;1;0;1;0;1;0;1;1;1
1;0;1;1;0;0;0;1;1;0
1;1;1;1;1;1;0;0;1;1
0;0;1;0;1;1;0;0;1;0
1;1;1;1;0;1;1;1;1;1
1;1;0;1;1;1;1;1;1;1
0;1;1;1;1;0;1;1;0;0
1;0;0;1;1;1;0;0;0;0
1;1;0;0;0;0;0;0;1;1
1;1;1;1;1;1;1;0;1;1
1;1;1;1;0;1;1;1;0;1
1;1;1;1;1;1;1;1;1;1
1;1;1;1;1;1;1;1;1;0
1;0;0;1;1;1;1;0;1;1
0;1;0;1;1;0;1;0;1;1
1;1;1;0;0;0;0;1;0;1
1;1;1;1;1;1;1;1;1;1
1;1;1;1;1;1;1;1;1;1
1;1;1;1;1;0;1;0;1;1
0;1;1;1;1;1;1;1;1;0
1;1;1;1;1;1;1;0;0;1
1;0;1;1;1;1;1;0;1;1
1;1;1;1;1;1;1;0;1;0
0;0;1;1;1;1;0;1;1;1
0;1;0;1;0;0;0;1;1;1
1;1;1;1;1;1;1;1;0;1
1;1;0;1;1;1;1;0;1;0
1;1;1;1;1;0;1;1;1;1
1;1;1;1;1;0;1;1;1;1
1;0;0;1;0;1;0;0;1;1
1;1;1;1;1;1;1;0;1;1
1;1;0;1;1;1;1;1;1;1
1;1;0;1;1;1;1;0;0;1
0;1;1;0;0;1;1;1;0;0
1;1;1;1;1;1;1;1;1;1
0;0;1;1;1;0;1;0;0;1
1;0;1;1;0;1;1;0;1;1
1;1;1;1;1;1;1;0;1;1
1;1;1;1;1;0;1;1;0;1
1;1;1;1;1;1;1;1;1;1
0;1;0;1;1;0;1;1;1;1
1;1;1;1;1;1;1;0;0;1
1;1;1;0;1;1;1;1;1;1
1;0;0;0;1;1;1;0;0;1
0;1;1;1;0;1;0;1;0;0
0;1;1;1;1;1;1;0;1;1
1;1;1;1;1;1;1;1;1;1
1;1;1;1;1;1;1;1;1;1
1;1;1;0;0;1;1;1;1;1
1;1;1;0;1;0;1;1;0;0
1;1;1;1;1;1;1;1;0;1
1;1;0;1;1;1;1;1;1;1
1;1;1;1;1;1;1;1;1;0
1;1;1;1;1;1;1;1;1;1
0;1;1;1;1;1;1;1;1;1
0;0;1;1;0;1;1;1;1;1
0;1;1;1;1;1;1;1;0;1
1;0;0;0;0;0;0;0;1;0
1;1;1;1;0;1;1;1;1;1
1;0;0;0;1;0;1;1;1;1
1;1;1;1;1;1;1;1;1;1
1;1;1;1;1;1;0;1;1;1
0;0;1;1;1;1;1;0;1;1
1;1;0;0;0;1;1;1;0;1
1;1;0;1;0;0;1;0;0;1
1;1;1;0;1;1;1;1;1;1
1;0;0;0;0;0;0;0;1;1
1;1;1;1;1;1;1;0;0;1
1;1;1;1;1;0;1;1;1;0
1;1;1;0;0;0;1;0;0;0
1;0;1;0;0;1;0;0;1;1
1;1;1;0;0;1;0;1;1;1
1;0;1;1;1;1;1;1;1;1
0;1;1;1;0;1;1;0;1;1
1;1;1;1;0;0;1;1;1;1
1;1;1;1;1;1;1;1;1;0
0;1;1;0;1;0;1;1;0;1
0;0;0;1;0;0;1;0;0;0
1;0;0;0;0;1;1;0;1;1
0;0;1;1;1;0;1;0;1;1
0;0;0;0;1;1;1;1;1;1
0;1;1;1;0;0;0;1;0;0
1;1;0;1;1;1;1;1;1;1
0;1;1;0;0;1;1;1;1;0
0;1;0;1;1;1;1;1;1;1
1;1;1;0;1;1;1;1;0;1
0;1;0;1;1;1;1;1;0;0
0;1;0;1;0;1;0;1;1;1
1;1;1;1;1;1;1;1;1;1
1;1;1;1;1;1;1;0;1;1
1;1;1;0;0;1;1;0;1;1
1;1;1;0;1;1;1;0;1;1
0;1;1;0;0;0;0;0;1;0
1;1;1;1;0;0;0;0;0;1
0;0;0;1;1;1;0;1;0;0
1;1;1;1;0;1;1;1;1;0
1;0;0;1;0;0;0;1;0;0
1;1;0;1;0;1;1;1;1;1
1;1;1;1;1;1;0;1;1;1
1;1;0;0;0;1;0;0;0;1
1;0;1;0;1;0;0;0;0;1
1;1;1;1;0;1;1;1;1;0
0;1;0;0;0;0;1;1;1;1
1;0;1;0;1;1;1;1;0;1
1;1;1;0;1;1;1;1;0;1
1;1;1;1;1;0;1;1;0;1
1;1;1;1;1;1;1;1;1;1
0;0;1;1;1;0;1;1;0;0
1;1;1;1;1;1;1;1;1;1
1;1;1;1;1;1;1;1;1;1
1;1;1;0;0;0;1;1;0;1
0;1;1;0;1;0;1;0;1;1
1;1;1;0;1;0;1;1;1;1
1;1;1;1;1;1;1;1;1;1
1;1;1;1;1;1;1;1;0;1
1;1;1;1;0;1;1;1;0;1
1;1;1;1;1;0;1;1;1;1
1;1;1;1;1;1;1;1;0;1
0;1;0;1;1;0;1;1;1;1
1;1;1;1;1;1;1;1;1;1
1;1;0;1;1;1;0;1;1;1
1;1;1;1;1;0;0;1;1;0
0;1;0;0;0;1;1;0;0;1
1;1;1;0;0;0;1;1;1;0
0;1;1;0;1;0;1;1;1;1
1;1;1;1;1;1;1;1;1;0
